{"_step": 199, "nt_xentloss": 1.4583584070205688, "_runtime": 12082.656886577606, "_timestamp": 1632517454.789204}
